'Ciraltos','https://www.youtube.com/feeds/videos.xml?channel_id=UCuB24cID6NnypDWSLe4gfqA'
'learnLinuxTV','https://www.youtube.com/feeds/videos.xml?channel_id=UCxQKHvKbmSzGMvUrVtJYnUA'
'Tech Pub','https://www.youtube.com/feeds/videos.xml?channel_id=UCJ0ikNeINhHBk_Clyg-GEFw'
'Office365Concepts','https://www.youtube.com/feeds/videos.xml?channel_id=UCaygCx4wubuH_ybV2NKx6lA'
'Lawrence Systems','https://www.youtube.com/feeds/videos.xml?channel_id=UCHkYOD-3fZbuGhwsADBd9ZQ'
'John Savill','https://www.youtube.com/feeds/videos.xml?channel_id=UCpIn7ox7j7bH_OFj7tYouOQ'
'Andy Malone','https://www.youtube.com/feeds/videos.xml?channel_id=UCGsIaIdB3eLErFObXcQRUqA'
'Kevin Stratvert','https://www.youtube.com/feeds/videos.xml?channel_id=UCfJT_eYDTmDE-ovKaxVE1ig'
'Microsoft Mechanics','https://www.youtube.com/feeds/videos.xml?channel_id=UCJ9905MRHxwLZ2jeNQGIWxA'
'Windows Central','https://www.youtube.com/feeds/videos.xml?channel_id=UCDMnCGlkv4gyFGZo_ZT3atg'
'Shane Young','https://www.youtube.com/feeds/videos.xml?channel_id=UC7_OGRP8BYvtGB8eZdPG6Ng'
'Microsoft Helps','https://www.youtube.com/feeds/videos.xml?channel_id=UCBoc5dePAjkGJMmqHJdp9_Q'
'Pro Tech Show','https://www.youtube.com/feeds/videos.xml?channel_id=UC6n-Dwza0jWP01t29k3sQJA'
'Thio Joe','https://www.youtube.com/feeds/videos.xml?channel_id=UCQSpnDG3YsFNf5-qHocF-WQ'
'Microsoft Azure','https://www.youtube.com/feeds/videos.xml?channel_id=UC0m-80FnNY2Qb7obvTL_2fA'
'Reddit Proxmox','https://www.reddit.com/r/Proxmox/top.rss'
'Reddit Pfsense','https://old.reddit.com/r/PFSENSE/top.rss'
'Krebs on Security','http://krebsonsecurity.com/feed/'
'US-CERT','http://www.us-cert.gov/ncas/current-activity.xml'
'Cisco Newsroom','https://newsroom.cisco.com/data/syndication/rss2/headlinesAndNewsReleases_20.xml'
'Phoronix','https://www.phoronix.com/rss.php'
'Windows Latest','https://www.windowslatest.com/feed/'
'MS Power User','https://mspoweruser.com/feed'
'Hacker News Frontpage','https://hnrss.org/frontpage'
'Reddit SysAdmin','https://www.reddit.com/r/sysadmin/hot.rss'
'Reddit Technology','https://www.reddit.com/r/technology/hot.rss'
'Reddit Ubuntu','https://old.reddit.com/r/Ubuntu.rss'
'Reddit Mikrotik','https://old.reddit.com/r/mikrotik.rss'
'Reddit Ubuntu','https://old.reddit.com/r/Ubuntu.rss'
'Reddit Mikrotik','https://old.reddit.com/r/mikrotik.rss'
'Naked Security','http://feeds.feedburner.com/NakedSecurity'
'Phoronix','https://www.phoronix.com/rss.php'
'Dark Reading','https://www.darkreading.com/rss_simple.asp'
