Hackaday,https://hackaday.com/blog/feed/
Reddit Mechatronics,https://old.reddit.com/r/mechatronics/new.rss
Reddit CAD,https://old.reddit.com/r/cad/new.rss
Reddit Robotics,https://old.reddit.com/r/robotics/top.rss
EDN,https://www.edn.com/feed
IEEE Spectrum,https://spectrum.ieee.org/customfeeds/feed/all-topics/rss
electronics stackexchange,https://electronics.stackexchange.com/feeds
circuits diy,https://www.circuits-diy.com/feed/
automation direct,https://library.automationdirect.com/feed/
siemens,https://press.siemens.com/global/en/rss.xml
rockwell,https://www.rockwellautomation.com/en-us/company/investor-relations/investor-resources/email-alerts-rss.html
arduino stackexchange, https://arduino.stackexchange.com/feeds
raspberrypi stackexchange, https://raspberrypi.stackexchange.com/feeds
adafruit,https://learn.adafruit.com/feed
tek supply,https://tek-supply.com/blogs/news.atom
how stuff works,https://syndication.howstuffworks.com/rss/HSW
